email,firstName,lastName
etinosa.enobun@gmail.com,Etinosa,Enobun
rbeeazeez@gmail.com,Robiat,Azeez
ruthajibodu@gmail.com,Ruth,Ajibodu
halimaholayiwola@gmail.com,Halimah,Olayiwola
afunnilo@gmail.com,Afunni,Aiyelari
lawalmariam242@gmail.com,Maryam,Lawal
odeyemimarvelous2001@gmail.com,Marvelous,Odeyemi
durojaiyep@yahoo.co.uk,Oladipupo,Durojaiye
mirthinteriors2011@gmail.com,Eniola,Okhiku
sarumi329@gmail.com,Abdulkarim,Sarumi
ajibadeadenike100@gmail.com,Anifat,Ajibade
anihmercy@yahoo.com,Mercy,Anih
mukolad@gmail.com,Mukhtar,Oloyede
ephratahoyewole@gmail.com,Ephratah,Oyewole
marycynthiaokundaye@gmail.com,Mary-cynthia,Okundaye
ayomidehabeebyekeen@gmail.com,AYOMIDE,YEKEEN
aniemsprisca@gmail.com,Prisca,Aniemeke
adeyemiashalejo@gmail.com,Jumah,Ashalejo
desiderataomayan@gmail.com,Desiderata,Okandeji
musbausulaimon3@gmail.com,Sulaimon,Musbau
hidayatamolegbe200@gmail.com,Hidayat,Amolegbe
jinaduhaleem@gmail.com,Haleem,Jinadu
otitojesuayeni@gmail.com,Otito-Jesu,Ayeni
adesewaolive@gmail.com,Olive,Osofowora
oyedejibashiru@yahoo.com,Oyedeji,Bashir
thevincentolatunji@gmail.com,Vincent,Olatunji
adesubomi22@gmail.com,Adesubomi,Adegbite
covenantajayi96@gmail.com,Covenant,Ajayi
aanuoluwapomary4@gmail.com,Aanuoluwapo,Ojetola
adeloye.adedamola@gmail.com,Samuel,Adeloye
alimidammy02@gmail.com,Damilola,Alimi
ayshahomowunmi@gmail.com,Aishah,Imran
ibukun3601@gmail.com,Ibukunoluwa,Oladiran
drganiyat648@gmail.com,Ganiyat,Salami
tomilayoolatunde8@gmail.com,Tomilayo,Olatunde
samsatakinola@gmail.com,Akinola,Olupayimo
safiyyah.obileye@aiesec.net,Safiyyah,Obileye
ibukunodunayooo@gmail.com,Ibukunoluwa,Areo
oziomaanastasia08@gmail.com,Ozioma,Anyanwu
abdulhakeemromlah455@gmail.com,Romlah,Abdulhakeem
estherhorlamoyegun@gmail.com,Esther,Olamoyegun
kufreeffiongrobert@gmail.com,Kufre-Mfon,Effiong-Robert
debbyperry134@gmail.com,Deborah,MATTHEW
oluwatoberusotunde@gmail.com,Oluwatoberu,Sotunde
tomillionxander@gmail.com,Oluwatomide,Akinmolayan
eelijahadediran@gmail.com,Elijah,Adediran
donaldamadi15@gmail.com,Obinna,Amadi
giditribe@gmail.com,Ridwan,Muhammed
gnyridwan15@gmail.com,Ridwan,Ganiy
olateruoladunni321@gmail.com,Oladunni,Olateru
tegadev01@gmail.com,Oghenetega,Denedo
estajahlove@gmail.com,Esther,Temitayo Owoseni
muslimtoyyibah@gmail.com,Toyyibah,Muslim
eniolaelee@gmail.com,Sofiyyah,Elegbede
orlamethey1@gmail.com,Olamide,Ifederu
adesinamicheal2019@gmail.com,Micheal my,Adesina
ayorindetimothy730@gmail.com,Timothy,Ayorinde
sekicalmness@gmail.com,Sekinah,Bello
lawalaishattemitope99@gmail.com,Aishat,Lawal
josephadewole1@gmail.com,Joseph,Adewole
chisomezekwesili@gmail.com,Chisom,Ezekwesili
damolamoj@gmail.com,Oyindamola,Awotoye
susanwairimu177@gmail.com,Susan,Macharia
alexogunmolauk@gmail.com,Alexander,Ogunmola
qaasim405@gmail.com,Muhammad,Qaasim
causimadebayo@gmail.com,Ayobami,Adebayo
sidiqayomide02@gmail.com,Sidiq,Moshood
mujeebopabode07@gmail.com,Abdulmujeeb,Opabode
ogbu106@gmail.com,OGBU,UGOCHUKWU
fauzyzakariyya@gmail.com,Fawziyya,Zakariyya
ogundimuoj@gmail.com,Oluwatosin,Ogundimu
alatiseprecious@gmail.com,Alatise,Precious
oluwafemiolasupo123@gmail.com,Oluwafemi,Olasupo
kehinde_alare@elliox.net,Kehinde,Alare
olasheriffdeen@gmail.com,Oshuniran,Sheriff Ola
emmaleye77@gmail.com,Emmanuel,Ogunleye
timothyayodele792@gmail.com,Timothy,Ayodele
osomaryam297@gmail.com,Maryam,Oso
olamititobby@gmail.com,Oluwatobiloba,OLAMITI
adekunleprince08@gmail.com,Adekunle,Lawal
uthmanhalimat200@gmail.com,Olaitan,Uthman
aadeoba838@stu.ui.edu.ng,ADEJUWON,ADEOBA
jinassheyin@gmail.com,Jina,Sheyin
haleemayusuf9@gmail.com,Opemipo,Yusuf
mubylaww@gmail.com,Mubarak,Lawal
victoriamotunrayo20@gmail.com,Victoria,Motunrayo
testimonyfsoyoye@gmail.com,Testimony,Soyoye
alimatlolade@gmail.com,Alimat,Ayodele
chinedumenwobi3@gmail.com,Chinedu Emmanuel,Umenwobi
bunmisanusi3@gmail.com,Grace,Sanusi
tobilobaojuolape@gmail.com,Toheeb,Ojuolape
omotoyosieniola99@gmail.com,Sumayyah,Sikiru
olalekanraman@gmail.com,Abd-rahman,Qamardeen
ericbabajide@gmail.com,Babajide,Erinjogunola
ayoolawaliyu@gmail.com,Sanusi,Waliyu
otaymih16@gmail.com,Temilola,Aderemi
lukmanadewale217@gmail.com,Lukman,Adewale
adewumirufina@gmail.com,Tobi,Ade
ruqayyahalabi536@gmail.com,Ruqayyah,Damilola
denugba543@gmail.com,Omotayo,Adenugba
omowabiabdulrahman@gmail.com,Abdulrahman,Omowabi
dhayorbabalola@gmail.com,Dayo,Babalola
preciousaims@gmail.com,Aisha,Bakare
ojoolarasak@yahoo.com,Rasak,Ojoola
ayindeolasunkanmi70@gmail.com,Idris,Ainde
lawhorlamilekan26@gmail.com,Olalekan,Lawal
chinaemerema@gmail.com,Chinaemerem,Agomoh
hailaziz47922@gmail.com,Oluwapelumi,Akinola
oyindamolabae@gmail.com,Elizabeth,Ebofa
husnahussy2@gmail.com,"Asma'u",Ibrahim
michael.andre752@gmail.com,Michael,Aderibigbe
nefftvcom@gmail.com,Progress,Ukonwa
shopsy8@gmail.com,Sope,Azeez
dorcasfeyikemi@gmail.com,Dorcas,Akanji
adesola.mutiu2271@fcesoyo.edu.ng,Mutiu,Adesola
ufadimeomaruke@gmail.com,Grace,Oshiname
mufliatsmo@gmail.com,Sanusi,Odunola
olalekesherif@gmail.com,Olaleke,Sherif
ogieriakhifavour16@gmail.com,Favour,Ogieriakhi
aanuoluwaodole@gmail.com,Aanuoluwa,Odole
eaderibigbe4@gmail.com,Emmanuel,Aderibigbe
oluwakemitoluwaola@gmail.com,Ola,Oluwakemi
elijaholakunmi@gmail.com,Elijah,Olakunmi
adebamzy@gmail.com,Ayobami,Adebayo
fakileoluwagbohunmiesther@gmail.com,Oluwagbohunmi,Fakile
sukuratomowumi2017@gmail.com,Sukurat,Olaboye
neyewilliams@gmail.com,Neyen,Williams
onioreoluwaelizabeth@gmail.com,Oreoluwa,Oni
hayodele4@gmail.com,Habibllah,Ayodele
adesokanmajid@gmail.com,Abdulmajid,Adesokan
daniel.osineye@gmail.com,Daniel,Osineye
tolasefavour2015@gmail.com,Oluwatolase,Bamidele
nwakipraise2@gmail.com,Praise,Nwaki
janetedeh01@gmail.com,Janet,Edeh
theolaprime@gmail.com,Olamide,Oje
onwuemenejoshua@gmail.com,Joshua,Onwuemene
shonliz917@gmail.com,Favour,Oni
valzzz2001@gmail.com,Valerie,Otohagwa
kabeertijani78@gmail.com,Tijani,Abdulkabeer
enobuni@yahoo.com,Isaac,Enobun
olohigbepeterdzoho@gmail.com,Olohigbe,Peter-Dzoho
cy.nonyalim@gmail.com,Cynthia,Nwaokocha
umorufrances266@gmail.com,Frances,Umoru
bakaresamsonoluwafemi@gmail.com,Samson,Bakare
gmaxharry@gmail.com,Gracia,Max
talktotitinow@gmail.com,Titilayo,Oladapo-Ariyo
molokungboye@gmail.com,Moyinoluwa,Olokungboye
victoriaakinro@gmail.com,Victoria,Akinro
tamunobomaterebo@gmail.com,Boma,George
jessicatimothy38@gmail.com,Jessica,Timothy
nindaladetayo@gmail.com,Nindal,Adetayo
muffymohd2001@gmail.com,Mufidah,Mohammed
abisolaolabimtan@gmail.com,Eniola,Abisola
sd07030367949@gmail.com,Daniel,Ajayi
oderindecaleb@gmail.com,Caleb,Oderinde
olugbejeprovidence@gmail.com,Providence,Eriokan
adenijimichaelstuntkid72@gmail.com,Michael,Adeniji
rachealayobami50@gmail.com,Racheal,Babatunde
kngseze@gmail.com,Kingsley,Izima
oscarrni49@gmail.com,Oscar-Romero,Izuka
temidayo0la13@gmail.com,Temi,Ola
oyeladeemmanuel28@gmail.com,Emmanuel,Oyelade
marvinmakchi@gmail.com,Marvin,Makachi
olaitantimileyin480@gmail.com,Timileyin,Olaitan
fowowetoluwani@gmail.com,Toluwani,Fowowe
tumsielushade@gmail.com,Oluwatumininu,Elushade
ayooluwaakinola@gmail.com,Ayooluwa,Akinola
kukuoluwaseyi98@gmail.com,kuku,Olabiyi
harbeywaliu@gmail.com,Abiodun,Ogunjimi
ehrmsa21@gmail.com,Human,Resource Management UNILAG
peaceezekiel458@gmail.com,Peace,Ezekiel
suzibriganwrites@gmail.com,Suzibrigan,Writes
pamilerinid@gmail.com,Pamilerin,Idowu
bakaresheriff2206@gmail.com,sheriff,bakare
iloriolufaith@gmail.com,Faith,Ilori
adebisitkay@gmail.com,Taiwo Olukayode,Adebisi
oluwakayodenathanael@gmail.com,Oluwakayode,Benjamin
olanrewajumotayo@gmail.com,Omotayo,Olanrewaju
olamilekan.ashimi33@gmail.com,Olamilekan,Ashimi
nifbabz@gmail.com,Nifemi,Babanumi
tstoluwase@gmail.com,Kolawole,Toluwase
batunde.alaran@gmail.com,Babatunde,Alaran
omoleopeyemi444@gmail.com,Opeyemi,Omole
adewunmikunleisrael@yahoo.com,Adekunle,Adewunmi
ocfatukasi@gmail.com,Oluwaseun,Fatukasi
adesanmiayomi@gmail.com,Samuel,Adesanmi
okunowogbemi@gmail.com,Gbeminiyi,Okunowo
adelekeadeola443@gmail.com,Adeola,Adeleke
mubashadetunji@gmail.com,MUBASHIRU,AZEEZ
tomibukun@gmail.com,Tomi,Ogunfidodo
jeweladejumoke@gmail.com,Yetunde,Olowolaju
www.cordeliachisom6@gmail.com,Chisom,Chukwu
nitaodokina5@gmail.com,Anita,Odokina
ojonugwahasiel2001@gmail.com,Adama,Hasiel
olaoyedeji360@gmail.com,Olaoluwa,Oyedeji
ifeoluwa.akinwusi@yahoo.com,Ifeoluwa,Akinwusi
blessingoghe039@gmail.com,Oghenekeve,Okpokuru
khadijahyusuff55@gmail.com,Khadijat,Yusuff
emmanuelamehme@gmail.com,Emmanuel,Ameh
ajibossdaniel@gmail.com,Daniel,AJIBOYE
oluwafemikhadijat@gmail.com,Khadijat,Ayodele
nwaigwekelechi1@gmail.com,Kelechi,Nwaigwe
pattitilayo@gmail.com,Patience,Bakare
mayoroniboks@gmail.com,Mayowa,Onibokun
oladoyinbopelumi89@gmai.com,Pelumi,Elizabeth
nkechiphillip@yahoo.com,Nkechi,Ogbonna
chrystarinze@gmail.com,Arinze,Onyeasigbulem
adeyanjusteven6@gmail.com,Tobiloba,Adeyanju
aminatadedeji2001@gmail.com,Amina,Adedeji
angeljay245@gmail.com,Janet,Echa
abivictoria02@gmail.com,Victoria,Abifarin
iamfunmilogo12@gmail.com,Funmilogo,Labinjo
hameedahimam@gmail.com,Hameedah,Ahmad
tloriee@gmail.com,Olatope,Ilori
ayoemmanuelifeoluwa@gmail.com,Ifeoluwa,Ayo-Emmanuel
adebowalejojo2001@gmail.com,Joseph,Adebowale
e044840.oke@dlc.ui.edu.ng,Oke Mutiu,Olatunji
awwalakinwumi2004@gmail.com,Oladele,Awwal
koabik2016@gmail.com,Abdul-Qahhar,Sulaiman
waheedianho65@gmail.com,WAHEED,SAFIU
oolayinkadaniel@gmail.com,Olayinka,Oyedola
adedirevictoria15@gmail.com,Victoria,Adedire
sbashir895@stu.ui.edu.ng,Sekinat,Bashir
el90dorado100@gmail.com,Sherifdeen,Adeleke
peterolanrewaju22@gmail.com,Peter,Sadiq
chikecharles420@gmail.com,Chibuike,Chukwunwike
ososanwo2020@gmail.com,Busayo,Ososanwo
ololade71@gmail.com,Ololade,Banjo
oluwadarasimioyetunji2@gmail.com,Oluwadarasimi,Oyetunji
tobiloba.bat@gmail.com,Oluwatobiloba,Babatunde
arisekolakusamotu@gmail.com,Arisekola,Kusamotu
ajibosssamuil@gmail.com,Samuel,Ajiboye
olakunletreasure@gmail.com,Treasure,Olakunle
pinawaretemeoweidoubra@gmail.com,Doubra,Ebikabowei
omotolapriscillia@gmail.com,Priscillia,Omosola
olumenseehilebo@gmail.com,Stephen,Ehilebo
fumilayotemitope7@gmail.com,Temitope,Funmilayo
subomidokun@gmail.com,Raphael,Oladokun
ododoolakush@gmail.com,Oluwadamilola,Kusamotu
fateealiyuadinbo24@gmail.com,Adinbo,Aliyu
galadeojebi123@gmail.com,Greatness,Aladeojebi
segilade0611@gmail.com,Segilade,Adebanwo
asaniyanb@gmail.com,Juwon,Asaniyan
toyosiomole@outlook.com,Toyosi,Omole
mayokunolumorotiz@gmail.com,Oluwamayokun,Olumoroti
khemykomolafe@icloud.com,Kemi,Komolafe
kofooba@gmail.com,Kofoworola,Obayomi
bobademosadoluwa@gmail.com,Toluwani,Bobade
sahaneef2@gmail.com,Bayo,Salaudeen
ibraheemomeiza3@gmail.com,Quadri,Ibraheem
lovewordt@gmail.com,Yimika,Adedeji
manuelorejo@gmail.com,Oreoluwa,Ojo
olulowoolamide2017@gmail.com,Olamide,Olulowo
ireajewole@gmail.com,Ire,Ajewole
ezekielolami2020@gmail.com,OBISESAN EZEKIEL,OLAMIDE
naomiolokode@gmail.com,Naomi,Olokode
imanwaheed308@gmail.com,Iman,Waheed
yemfak01@gmail.com,Oluwayemisi,Fakeye
rimaadamolaa30@gmail.com,Karimah,Alarape
hammednaani@gmail.com,Ayodele,Hammed
oluwatobiseun24@gmail.com,Oluwatobi,Seun
itzdannyel2017@gmail.com,Debola,Israel
aremoeniola@yahoo.com,Aremo,Eniola
oluwabravo01@gmail.com,Ibrahim,Yusuf
arascollection06@gmail.com,Oyin,Brown
izehiolenloa@gmail.com,Izehi,Olenloa
fisayosangolade@gmail.com,Fisayo Habeebat,Sangolade
oyefoluqq800@gmail.com,Ifemuyiwa,Oyefolu
omotoyosiaderinto@gmail.com,Taofikat,Aderinto
okunoladavid10@gmail.com,David,Okunola
asirukorede@gmail.com,Asiru,Eniola
idowuemmanuelayotomiwa@gmail.com,Emmanuel,Idowu
olatejukasmot@gmail.com,Kamil,Mahfusah
oluwadodis@gmail.com,Olumi,Dasaolu
olusolaolubunmi2019@gmail.com,Olusola,Olubunmi
shabaomo@gmail.com,Omonokhua,Shaba
kiopeace2002@gmail.com,Peace,Kio
arafatadeoluwa5@gmail.com,Arafat,Owonikoko
arewaakinwusi15@gmail.com,Arewa-Jesu,Akinwusi
oshodinaomie@gmail.com,Damilola,Naomi
oyindayusuff@yahoo.com,Oyindamola,Yusuff
psalmsheg@gmail.com,Samuel,Ibitoye
idowumensah@gmail.com,Idowu,Mensah
tomilolaale@gmail.com,Oluwatobi,Ale
mahfusahkamil20@gmail.com,Kamil,Mahfusah
obiohaclinton111@gmail.com,OBIOHA,CLINTON
danieloghie07@gmail.com,Daniel,Oghie
lolaayenic@gmail.com,Omolola,Ayeni
phemzydino@gmail.com,oluwadunmininu,oluwadunmininu
eniolababafemi@gmail.com,Eniola,Babafemi
mukhtaraudu31@gmail.com,Mukhtar,Audu
aprilfavour@gmail.com,Favour,Nnaji
victorajibola202@gmail.com,Victor,Ajibola
agboolanaomi@gmail.com,Naomi,Agboola
samueladigun3@gmail.com,Adigun,Samuel
segzxybanks@gmail.com,Segun,Bankole
mujibat.olaopa@gmail.com,Mujibat,Olaopa
olotuoluwabola@gmail.com,Olotu,Bolanle
osujijo13@gmail.com,Joy,Osuji
babalolatimi5@gmail.com,Daniel,Babalola
alikahjoseph@gmail.com,Joseph,Alikah
odeyemiore6@gmail.com,Odeyemi,Oreoluwa
azeezaisha2001@gmail.com,Aishat,Azeez
faveycrown19@gmail.com,Favour,Oriade
ayomideeniolagloria@gmail.com,Eniola,Babalola
nzehfavour269@gmail.com,Favour,Nzeh
salaudeenazeemah@gmail.com,Azeemah,Salaudeen
mirabelchimuanya.mc@gmail.com,mirabel,chimuanya
zeeolanlege@gmail.com,Zaynab,Olanlege
mayorkay15@gmail.com,Mayowa,Arogbodo
oziomaosegbo2@gmail.com,Ozioma,Osegbo
wade91125@yahoo.com,Blessed,Akindele
khabirhaneefah@gmail.com,Kabiru,Hanifat
bashirsekinat10@gmail.com,Sekinat,Bashir
oyinkuram@gmail.com,Eunice,Kuram
ceceresearch@gmail.com,ADENUSI,Cecilia
mercyaderemi12@gmail.com,Mercy,Aderemi
jamesessiet1@gmail.com,James,Essiet
adamw@gmail.com,Adam,Adegboyega
hassandinamico@gmail.com,Hassan,Odufowora
anudorcas01@gmail.com,Anuoluwapo,Odebode
donadavidgbenu@gmail.com,Dona,Gbenu
ayomideadu1999@gmail.com,Ayomide,Adu
khafilatshakiru@gmail.com,Khafilat,Shakiru
jajajaromi@gmail.com,Jaomi,Cadmus
belloaisha1467@gmail.com,Aisha,Bello
mowaotun2000@gmail.com,Mowaninuoreoluwa,Otun
mbabieesther@gmail.com,Esther,Mbabie
makunsophie@gmail.com,Oluwaferanmi,Makun
onyebuchiemodi@gmail.com,Onyebuchi,Emodi
ayod1999@gmail.com,Peace,Awodoye
ayoolaanthony97@gmail.com,Ayoola,Anthony
sheriffhenny@gmail.com,Sheriff,Alabi
fakoredeadeola18@gmail.com,Adeola,Fakorede
anjolaoluwabada19@gmail.com,Anjolaoluwa,Bada
shamzyinecinec@gmail.com,Shamsudeen,Oladosu
oluwatobilobadeborah6@gmail.com,Deborah,George-Adelusi
mazeeyaq@gmail.com,Mazeedah,Yaqub
mosugulitu17@gmail.com,Blessing,Mosugu
ogawash.info@yahoo.com,Stanley,Chidebe
richardizuchi444@gmail.com,Richard,Izuchukwu
odutoyeohunayo@yahoo.com,ohunayo,Odutoye
awaidris22@gmail.com,Hauwa,Idris
tolexgreg@yahoo.com,Adedoyin,Adeleye
st.johnboscoaneke@gmail.com,Johnbosco,Aneke
akintundeoluwapelumiakinsola@gmail.com,Oluwapelumi,Akintunde
phergie100@gmail.com,ademola,funmilade
obandeagbenu2017@gmail.com,Agbenu,Obande
ilegbusitimothy@yahoo.com,Timothy,Ilegbusi
rabomefavour@gmail.com,favour,urhiofe
igboejesichidera@gmail.com,Chidera,Igboejesi
149plus@gmail.com,Oluwaseyi,OGUNRINOLA
firstnoms@gmail.com,Chinomso,Okere
faolatunde17@gmail.com,Fadilah,Olatunde
atandaabdulmalik1@gmail.com,Abdulmalik,Atanda
adebayomuheeb23@gmail.com,Muheebullah,Adebayo
pjohn0796@gmail.com,John,Paul
akinadeakintomiwa43@gmail.com,Akintomiwa,Akinade
abdusalamshukrah@gmail.com,Olohuntosin,Agbaje
sefiuoguntade@gmail.com,Mayowa,OGUNTADE
olanrewaju.ridwan2014@gmail.com,Ridwan,Olanrewaju
breakthroughjadesola@gmail.com,Breakthrough,Olanrewaju
adekunlebasirat@gmail.com,ADEKUNLE,ADENIKE TAIWO
fadeyiadeola1@gmail.com,Adeola,Fadeyi
yemidavids09@gmail.com,David,Akinsoyinu
tomilolaw@gmail.com,Tomilola,Ladi-Williams
zainabowolowo@gmail.com,Zainab,Owolowo
tijesuoresanya@yahoo.com,Tijesunimi,Oresanya
lizzypeters2013@gmail.com,Elizabeth,Ebowusi
benitaaramide17@gmail.com,Benita Aramide,Oluokun
olupejuoluseyi@gmail.com,Oluwaseyi,Olupeju
bamiduroooreoluwa@gmail.com,Ooreoluwa,Bamiduro
samuel.awofolaju@gmail.com,Samuel,Awofolaju
aidrisoreoluwa@gmail.com,Ayoola,Idris
imranshittu15@gmail.com,Imran,Shittu
adebayoadebola001@gmail.com,Ooreoluwa,Adebayo
adewuyidavid62@gmail.com,David,Adewuyi
funmilayoogunjimi9@gmail.com,Funmilayo,Ogunjimi
chibuzordannystar@gmail.com,Chibuzor,Dan-John
ksbmichelle@gmail.com,Kemi,Akinboye
uzezi2000@gmail.com,Uzezi,Precious
gmodupe11@gmail.com,Modupeola,Giwa
yourstruly20nineteen@gmail.com,Adebimpe,Imran
adesdavid7@gmail.com,David,Adesina
isaac@trailng.com,Isaac,Enobun
danielakobundu@gmail.com,Daniel,Akobundu
ajayikore1@gmail.com,Ajayi,Paul
thimmoh@gmail.com,Saheed,Abdullahi
jubochi23@gmail.com,CHIBUIKE,UBOCHI
opeyeoluwa.kae@gmail.com,Opeyemi,Adejuwon
onyinyemiken@gmail.com,Onyinye,Mike-Nzeagwu
marthasunmboye@gmail.com,Martha,Sunmboye
pchibuchi1@gmail.com,Prosper,Frederick
wuraola2akinlade@gmail.com,Odunayo,Akinlade
matachipurple@gmail.com,Matachi,Kevin
hello@trailng.com,User,User
qqudusayo@gmail.com,Abdulqudus,Ayoola
madamorimoses20@gmail.com,Moses,Madamori
ikeoluwamaryam@gmail.com,Adenihun,Maryam
success.orido@yahoo.com,Kevwe,Orido
semiuafolake@gmail.com,Zainab,Semiu
graceadepoju41@gmail.com,Grace,Adepoju
hamzatrahmat@gmail.com,Rahmat,Hamzat
oluwatimilehinoshin9@gmail.com,Oluwatimilehin,Oshin
adeoluwahenshaw@gmail.com,DGTAL,Blackboy
adurojav@gmail.com,Victoria,Aduroja
rojayetimmy@gmail.com,Toluwalase,Rojaye
wonuolasunmboye@gmail.com,Wonuola,Sunmboye
tinuoluwao@gmail.com,Tinuoluwa,Opalana
oloruntobatimi@gmail.com,Timilehin,Oloruntoba
uduakben11@gmail.com,Uduak,Ben
saanumotunrayo1074@gmail.com,Motunrayo,Saanu
onifadeaminatkehinde20@gmail.com,Aminat,Onifade
olamiojekunle@gmail.com,Olamide,Ojekunle
ayoolasodiq@gmail.com,Sodiq,Ayoola
iobidinma841@stu.ui.edu.ng,IJEOMA,OBIDINMA
ikujenyoanuoluwapo@yahoo.com,Anuoluwapo,Ikujenyo
adesolaololades@gmail.com,Adesola,Ololade
osunsamirufus.a@gmail.com,Rufus,Osunsami
olawanlejanet99@gmail.com,Janet,Olawanle
solowookere083@stu.ui.edu.ng,Samuel,Olowookere
sorphieahmed@gmail.com,Sofiyah,Hameed
mbamndubest27@gmail.com,Mbam,Ndubuisi
theniyo29@gmail.com,Aderibigbe,Oyinkansola
olaniyiololade250@gmail.com,Ololade,Olaniyi
osainpaul87@gmail.com,Paul,Patrick
chinekeu290@gmail.com,Ugochukwu,Chineke
blessinganietie76@gmail.com,Blessing,Anietie
tomiadedun@gmail.com,Oluwatomi,Adedun
awolajaolatunde@gmail.com,Olatunde,Awolaja
runsewemichael93@gmail.com,Michael,Runsewe
olaleyeaanuoluwapokay@gmail.com,Aanuoluwapo,Olaleye
abodunrinjamiu13@gmail.com,Jamiu Adeyemi,Abodunrin
emmanjoy824@gmail.com,Oladayo,Omotayo
danieluwonguaye@gmail.com,Daniel,Ashikem
joseni618@stu.ui.edu.ng,Joy Oyinkansola,Oseni
akintolaseye@gmail.com,Seye,Akintola
ojebisieunice@gmail.com,Eunice,Ojebisi
seunaliu3@gmail.com,Aliu,Ogunjimi
oyindamolaonifade9@gmail.com,Onifade,Aisha
oladewusidolapoprecious@gmail.com,Precious,Oladewusi
hibbat.rahman2016@gmail.com,Hibbat-ur-Rahman,Abdullah
ibidunniabifoluwa@gmail.com,Ibidunni,Abifoluwa
moyocomfort17@gmail.com,Comfort,Aderinto
thesamokoosi@gmail.com,Samuel,Okoosi
tophbbeifong@gmail.com,Testimony,Akinbowale
ayoagiode@gmail.com,Mary,Agiode
sharyomi22@gmail.com,Oluwaloshayomi,Emmanuel
chimuanyaani3@gmail.com,Ani,Chimuanya
eajayi646@gmail.com,Eyitayo,Ajayi
toluwanimikonigbagbe@gmail.com,Toluwanimi,Konigbagbe
tomiedaisyy@gmail.com,Tomisin,Adewusi
fatihahsaheed6@gmail.com,Fatihah,Saheed
volojede003@stu.ui.edu.ng,Victor,Olojede
ekpeyongini@gmail.com,Beatrice,Ekpeyong
voyejide018@stu.ui.edu.ng,Victor,Oyejide
rademidun803@gmail.com,Ademidun,Abidoye
olusayoroseline@gmail.com,Olusayo,Kuti
folorunsoseun12@gmail.com,Seun,Folorunso
ologeniola@gmail.com,Eniola,Ologe
adenirangrace2004@gmail.com,Adeniran,Grace
kechkelvin5@gmail.com,Emmanuel,Ikechukwu
obicube@gmail.com,Favour,obi
akinboyetola@gmail.com,Esther,Akinboye
victoriaomolola68@gmail.com,Omolola,Ologe
fawazadeyemi06@gmail.com,Fawaz,Adeyemi
estherogunsetire207@gmail.com,Ogunsetire,Esther
tomillolaadekanye@gmail.com,Oluwatomilola,Adekanye
soludovictor14@gmail.com,Victor,Soludo-Okoli
ologedamilola39@gmail.com,Damilola,Ologe
deleanuoluwapo@gmail.com,Anuoluwapo,Dele
ephraimizuchukwu5@gmail.com,Ephraim,Abiazieije
prodocsuccess21@gmail.com,Tobi,Jeminiyi
odunaikedavid21@gmail.com,David,Odunaike
eniotoadesanwo@gmail.com,Esther,Adesanwo
naughphyshayour@gmail.com,Nofisat,Ariwoola
abisolakareem2001@gmail.com,Abisola,Kareem
aliugreater@gmail.com,Greater,Aliu
starlizzolamide@gmail.com,Starlizzy,Olamide
julietchinye2020@gmail.com,Chinye,Chete
dainiaderonke@gmail.com,Ebunoluwa,Daini
adegbolaibrohim2004@gmail.com,Adegbola,Ibrahim
adegbolaibrohim@gmail.com,Abdul akeem,Adewumi
aifadamilare@gmail.com,Alabi,Ifadamilare
maryolanisebe2@gmail.com,Mary,Olanisebe
iamboluige@gmail.com,Boluwatife,Ige
adegboyegaadeoluwa16@gmail.com,Abdulraheem,Adegboyega
akiodegrace087@gmail.com,Grace,Akiode
adebisibaliqeez@gmail.com,Baliqeez,Adebisi
olayinkababalola155@gmail.com,Babalola,Olayinka
goodnessade16@gmail.com,Goodness,Adesoye
atanseiyeolamilekan20@gmail.com,OLAMILEKAN,ATANSEIYE
oyelolapromise2020@gmail.com,Oyelola,Kate
akeemadepoju18@gmail.com,Akeem,Adepoju
oyeladefaith434@gmail.com,Faith,Oyelade
kennyliadi5@gmail.com,Kehinde,Liadi
philipshoney@gmail.com,Oyindamola,Adegoke
preciousfaseyosan@gmail.com,Precious,Faseyosan
jakeepia@gmail.com,Jacob,Epia
oladams112@gmail.com,Adam,Olayiwola
rencyscribble@gmail.com,Florence,Akanbi
chineduogu85@yahoo.com,Chinedu,Ogu
janetamarhavwie@gmail.com,Janet,Amarhavwie
chidiebubeogbonna1@gmail.com,Ebube,Ogbonna
legaltechnigeria@gmail.com,LawxTech,Community
kabiruquadri21765@gmail.com,Kabiru,Quadri
bamigbade03@gmail.com,Ife,Israel
adetolu197@gmail.com,Toluwani,Adeyanju
kendykayla@gmail.com,Chigozirim,Alozie
motun1224@gmail.com,Aramide,Aremu
rebeccamoses217@yahoo.com,Rebecca,Obajuluwa
anuoluwapochristiana1010@gmail.com,Anuoluwapo,Akinyemi
debbydebbie17@gmail.com,Deborah,Oluwatope
ayomide.olaniyan2015@gmail.com,Ayomide,Olaniyan
anjolaoladele@gmail.com,Oladele,Anjola
favouridowuagida0@gmail.com,"God'sfavour",I***a
raheemolatunde2020@gmail.com,Raheem,Olatunde Yassir
chosenrace08@gmail.com,Efosa,Enogieru
tabitha181202@gmail.com,Dorcas,Ariyo
ismailsekinah55@gmail.com,Sekinat,Adeola
um795930@gmail.com,Muhammad,Usman
iamgbengadebayo@gmail.com,Oluwagbenga,Adebayo
favouriremide412@gmail.com,Omilabu,Olanrewaju
chimebukaanyanwu@gmail.com,chimebuka,Anyanwu
rodiatbolatito18@gmail.com,Rodiat,Owonikoko
davidmeshe208@gmail.com,David,Meshe
joycebanjo@gmail.com,Joyce,Banjo
dolapoimperial@gmail.com,Omodolapo,Oladokun
karimotokunade68@gmail.com,Omowumi,Okunade
elijahdimeji549@gmail.com,Oladimeji,Olalekan
olatunjijohndada@gmail.com,Olatunji,John
ideraoladejo@gmail.com,Idera,Oladejo
jumokegrace123@gmail.com,Olajumoke,Adekola
321preciousihedoro@gmail.com,Precious,Ihedoro
dedhayor2001@gmail.com,Adedayo,Oseni
adedoyinadeoye114@gmail.com,Adedoyin,Adéoyè
bimiasaju@gmail.com,Bimisola,Asaju
royalprincessamadi01@gmail.com,Princess,Amadi
turnerdavid193@gmail.com,Olatona,Jubril
olawaledominion2019@gmail.com,Dominion,Olawale
nasiruaminat8@gmail.com,Aminat,Nasiru
sholaakinjacobs@gmail.com,Sholly,Jackson
sandraalexandra04@gmail.com,Sandra,Ajayi
ninithewriter@gmail.com,Eniola,Olaniyi
eabanky2003@gmail.com,Sarah,Bankole
kelechijudithjay@gmail.com,Kelechi,Nwaikpe
oyedelemueezbolaji@gmail.com,Mueez,Oyedele
adenijikamilat@gmail.com,Adekemi,Adeniji
arowonar@gmail.com,Rodiyyah,Arowona
aimatozaye@gmail.com,Emmanuel,Aiyede
sampsonobi404@gmail.com,Sampson,Obi
oyinian97@gmail.com,Oyinkansola,Ajayeoba
olusolasarah2018@gmail.com,Sarah,Olusola
ezeigbomaryjudith@gmail.com,Mary-Judith,Ezeigbo
keyeotusanya@gmail.com,Keye,Otusanya
josuji416@stu.ui.edu.ng,Johnpaul,Osuji
omokunmichristianah@gmail.com,Omokunmi,Christianah
dareboluwatife2019@gmail.com,Boluwatife,Dare
akinbog2016@gmail.com,Fayokemi,Akinbogun
busayoajiwojuoluwa@gmail.com,Busayo,Ajiwojuoluwa
odeyinkaakeem4@gmail.com,Odeyinka,Akeem
ayegboyintaiwo91@gmail.com,Ayegboyin,Taiwo
jephthar912@gmail.com,Jephthah,Imoedemhe
blessingoluwabukola9@gmail.com,Bukola,Blessing
adejumolekan44@gmail.com,Lekan,adejumo
deeisijola@gmail.com,Modupe,Isijola
joshfaniran@gmail.com,Temi,Faniran
oluwatitofaratiyusuf@gmail.com,Titofarati,Yusuf
adegokemorolake2@gmail.com,Morolake,Adegoke
vanessaedennis700@gmail.com,Osaretin,Dennis
realxpens@gmail.com,Ayomide,Oladeji
meyiwavalerie@gmail.com,Oritsemeyiwa,Sobogun
jahokagbaretemoefe@gmail.com,Temoefe,Jaho-kagbare
enwerejudechukwuebuka@gmail.com,Chukwuebuka,Enwere
akinpeluibrahim0001@gmail.com,Ibrahim,Akinpelu
jacobeze306@gmail.com,Israel,Eze
timrad456@gmail.com,Rukayat,Tiamiyu
tunmisearemu2@gmail.com,Oluwatunmise,Aremu
feyijimifaith@gmail.com,Faith,Ekundayo
harkinshowon@gmail.com,Oladipupo,Daniel
kanyintheartist@gmail.com,Kanyin,Akintola
danjoefresh@gmail.com,Oladayo,Akande
onitimilehin00@gmail.com,Timilehin,Oni
okechukwushalom@gmail.com,Shalom Anwulichukwu,Okechukwu
atinukeoladotun@gmail.com,Atinuke,Oladotun
hfarayola024@stu.ui.edu.ng,HIKMOT,FARAYOLA
abiodunmobolajibeulah7@gmail.com,Abiodun,Kareem
vanessakem6@gmail.com,Vanessa,Ekwueme
taiwoend14@gmail.com,Taiwo,Ayomike
promesa.tech.hub@gmail.com,Promise,Oludare
ootegbade20@gmail.com,Olanrewaju,Otegbade
ogunleyemoyinoluwa50@gmail.com,Moyinoluwa,Ogunleye
josieleshy@gmail.com,Pelumi,Aleshinloye
omideyiolubusayo@gmail.com,Olubusayo,Omideyi
ekeisaacdgreat@gmail.com,Isaac,Chibueze
eayanleke@gmail.com,Eunice,Ayanleke
tiwadavies@yahoo.com,Tiwalola,David
kolse2000@gmail.com,Samuel,Kolawole
loisezebuiro@gmail.com,Lois,Ezebuiro
igweestheronyinyechi@gmail.com,Esther,Eze
omoseeyehelen@gmail.com,Hellen,Bukola
blessingseun101@gmail.com,Blessing,Adekunjo
danielbrinpong@gmail.com,Daniel,Yeboah
toriolafiyinfoluwa5@gmail.com,Fiyinfoluwa,Toriola
tndefinition32@yahoo.com,Tobechukwu,Ndejiobi
odoleabayo@gmail.com,Abayomi,Sunday
dedoyinferanmi@gmail.com,Adedoyin,Olaposi
oludolapos@gmail.com,Oludolapo,Sowunmi
caleboladoyin25@gmail.com,Caleb,Oladoyin
sandraanjolaoluwa@gmail.com,Sandra,Adeleye
temiladeoladiti0419@gmail.com,Temilade,Oladiti
danielenwelum@gmail.com,Daniel,Enwelum
toluwalagbara97@gmail.com,Amos,Akintola
akintadeabdullahi2002@gmail.com,Abdullahi,Akintade
abeloreoluwa22@gmail.com,Abel,Odedele
joshuaabiola697@gmail.com,Joshua,Abiola
fathiabadmus@gmail.com,Fathia,Badmus
obabhuk@gmail.com,OBABHU,Kehinde
mikelobi2001@gmail.com,Mike,Falade
abiona.baseeraht@gmail.com,Basirat,Abiona
adeniyitaofeek001@gmail.com,Taofeek,Adeniyi
fchiamaka365@gmail.com,Chiamaka,Chikwendu
ismbmichelle@gmail.com,Michelle,Olasumbo
obamirac@gmail.com,Miracle-Obaloluwa,Otitoola
ovecjoe123@gmail.com,Victor,Ohachor
tawaipaye12@gmail.com,Ipaye,Tawakalt
solafunmiakinyemi@gmail.com,Solafunmi,Akinyemi
janetdamilola2015@gmail.com,Janet,Kehinde
ogunjimiayobamimary@gmail.com,Ayobami,Ogunjimi
amzadol52@gmail.com,Akintonde,Azeez
linconab94@gmail.com,Abiodun,Adebanjo
paschaloche2002@gmail.com,Oche,Igbongi
adeoluwaademola245@gmail.com,Ademola,Oshingbesan
feranmibewaji366@gmail.com,Stephen Oluwaferanmi,Bewaji
olagidij@gmail.com,Joshua,Olagidi
oluwakayodeisaiah276@gmail.com,Oluwakayode,Isaiah
rokunola740@stu.ui.edu.ng,Rachael,Okunola
ogunztoms.ot@gmail.com,Ogunniyi,Tomiwa
khalifaolawale123@gmail.com,Khalifa,Olawale
admub465@gmail.com,Mubarak,Adisa
adafadey99@gmail.com,Ad,Molokwu
sarahabereola@gmail.com,Sarah,Abereola
chisomvictoria222@gmail.com,Chisom,Aniefuna
anotaifeoluwa@gmail.com,Ifeoluwa,Anota
debariyo@gmail.com,Tolulope,Ariyo
ajeigbetaiwo2021@gmail.com,Ajeigbe,Taiwo Matthew
veeenaturals@gmail.com,Ayoade,Adedolapo
normahprecious@gmail.com,Precious,Nwankpa
awolola.taiwo@yahoo.com,Taiwo,Awolola
segunpaul90@gmail.com,Paul,Ajibola
hardekunle26@gmail.com,Mubarak,Adekunle
sammieajayi04@gmail.com,Samuel,Ajayi
t.sayoflourish1026@gmail.com,Tosin,Oluwasanmi
ayomidesamuel385@gmail.com,Ayomide,Samuel
aderonkeadedoyin003@gmail.com,Precious,Adedoyin
abdulazeezfatimah23@gmail.com,Fatimah,AbdulAzeez
michealolojo2@gmail.com,Micheal,olojo
maryoloyedeayo@gmail.com,Mary,Oloyede
busayomiayokunle@gmail.com,Busayomi,Olowookere
oladoyejoshua20@gmail.com,Joshua,Oladoye-Sule
eadeniyi684@stu.ui.edu.ng,Esther Adedoyin,Adeniyi
adebisimonisola63@gmail.com,Monisola,Adebisi
oloyede3326@gmail.com,Joy,Oluwadarasimi
ebunlomovictoria@gmail.com,Oluwayemi,Victoria
danielbright679@gmail.com,Bright,Daniel
aadeyemi100@gmail.com,Ayodeji,Adeyemi
akinyinkarebecca01@gmail.com,REBECCA,AKINYINKA
jesutofunmitemiloluwa@gmail.com,Jesutofunmi,Akerele
donatusbusayo@gmail.com,Mercy,Donatus
aishaadeniran34@gmail.com,Aishat,Adeniran
theinnocentwriter01@gmail.com,"Mustapha 'Trail'",Tolani
somiigwe@gmail.com,Claire,Igwe
praises205@gmail.com,Samuel,Akinola
ayotundeemmanuel16@gmail.com,Ayotunde,Emmanuel
folatomiaishat@gmail.com,Aishat,Opakunle
emmanuelolatunde127@gmail.com,Emmanuel,Olatunde
boluwatifeayenimowa@gmail.com,Ayenimowa,Boluwatife
agboolaesther016@gmail.com,Esther,Agboola
favourfagbemi2017@gmail.com,Favour,Fagbemi
enomavictor234@gmail.com,Victor,Enoma
sagocharity@gmail.com,Charity,Sago
adeyemiisrael280@gmail.com,Israel,Adeyemi
dunsigold@gmail.com,Helen,Faromo
adeoyejosephine19@gmail.com,Josephine,Adeoye
oluwaseunoludayo11@gmail.com,Joshua,Oludayo
vanessaobasi18@gmail.com,Vanessa,Obasi
bakarekabirdamola@gmail.com,Damola,Bakare
zainabakinpelu7@gmail.com,Zainab,Akinpelu
oshunkunleshola@gmail.com,SHOLA EMMANUEL,OSHUNKUNLE
doyinazeez007@gmail.com,Hameedah,Azeez
haleemaleemah100@gmail.com,Haleemah,Atinuke
onaolapoesther2020@gmail.com,Esther,Onaolapo
enwucholagoodness2017@gmail.com,Goodness,Enwuchola
kreativeace@gmail.com,Anita,Eze
koleoshoope2002@gmail.com,Samuel,Koleosho
bolu180@gmail.com,Boluwatife,Oshodi
joseph.oluwabukunmi485@gmail.com,Ishola,Joseph oluwabukunmi
benediktchima@gmail.com,Benedict,Ogbulachi
miralakpo@gmail.com,Enimotimi,Benjamin
adenugatosin360@gmail.com,Oluwatosin,Adenuga
nwokoelbert1@gmail.com,Elbert,Nwoko
ademoyemotun@gmail.com,Ademoye,Motunrayo
obianujuanyanwu@yahoo.com,Anyanwu,Susan
fejinuta@gmail.com,Ochuko,Anuta
tobiemmanuel1212@gmail.com,Oluwatobiloba,Emmanuel
ndukaprincek@gmail.com,Nduka,Prince Konyhea
torivega051@gmail.com,Aderinsola,Onibon
graceodize@gmail.com,Grace,Odize
francisokewale@gmail.com,Francis,Oke
ojogloria10@gmail.com,Gloria,Ojo
ravhinemmanuel23@gmail.com,Emmanuel,Odianose
ginikatesia@gmail.com,Annastesia,Ononuju
sadiqfadekemi2828@gmail.com,Fadekemi,Sadiq
adetokunboogunnoiki28@gmail.com,Adetokunbo,Ogunnoiki
onyekachiarsenal@gmail.com,Onyekachi,Lawrence
olusidavid02@gmail.com,David,Olusi
adetarka14@gmail.com,Ademola,Tarka
olayemiakinola404@yahoo.com,Olayemi,Akinola
cleopatti26@gmail.com,Esan,Oyindamola
adeosundamilare03@gmail.com,Damilare,Adeosun
olajideemmanueljoel@gmail.com,OLAJIDE,EMMANUEL
emekaemmy885@gmail.com,Chukwuemeka,Ewa
onifaithayoola@gmail.com,Faith,Oni
temitayosamuel98@gmail.com,Mayowa,Oguntuga
elaborawelu@gmail.com,Awelu,Elabor
usmanhalimat2002@gmail.com,Halimat,Usman
derinola3011@gmail.com,Aderinola,Ogunleye
oluwatosinaa03@gmail.com,Oluwatosin,Adedapo
adegboyefolarin007@gmail.con,Adefolarin,Adegboye
adegboyefolarin007@gmail.com,Adefolarin,Adegboye
hannahudeala@gmail.com,Ada,Anna
heritagevbouan@gmail.com,Evbouan,Charlotte Heritage
adekunleadeolajnr@gmail.com,Oluwagbenga,Adekunle
theinkbirdhub@gmail.com,Obanijesu,Adedotun
adepojufavour15@gmail.com,Favour,Adepoju
javeed.gbn@gmail.com,Gbayin,Ojo
omotayodaniel10@gmail.com,Omotayo,Boluwatife
emmanomax33@gmail.com,Eniola,Olawale
eyangloria6@gmail.com,Eyan,Gloria
aafenifere@gmail.com,Yusuff,Afenifere
akinyeyefavour24@gmail.com,Ikeoluwa,Favour
irokovictor7@gmail.com,Victor,Iroko
kazeemlara@gmail.com,Omolara,Kazeem
sholajimah16@gmail.com,Shola,Jimah
motilayo112@gmail.com,OLUWASEUN,OLOWOKANDI
olaidequdus19@gmail.com,Qudus,Olaide
fatihaadetoro@gmail.com,Fatiha,Adetoro
cissebintu231@gmail.com,Cisse,Bintu
aamadewoyin@gmail.com,Ayanfeoluwa,Adewoyin
itharmarv@gmail.com,Itharma,Alegbeleye
okumagbarukevwe@gmail.com,Oghenerukevwe,Okumagba
marykeona38@gmail.com,Mary,Ogbo
eoncrystalpalace@gmail.com,Eniola,Oyekanmi
queentinuade15@gmail.com,Tinuade,ADEPOJU
oluwadamilolafavour9@gmail.com,Favour,Rotimi
eniolaolabisi257@gmail.com,Oduola,Olabisi aishat
dikefaves007@gmail.com,Favour,Dike
obetimie333@gmail.com,Timothy,Obe
dadesanya503@gmail.com,Oluwadara,Adesanya
damilolaa771@gmail.con,Adeyanju,Damilola
mochtronz@gmail.com,Adedamola,Abolade
chikelumic@gmail.com,Michael,Onyeanusi
nosakhareijebor@gmail.com,Nosakhare,Ijebor
abioyevictor42@gmail.com,Abioye,Victor
komolafeoluwapelumi3@gmail.com,Komolafe,Olatejumade
manofscience8@gmail.com,Christopher,Moses
folusoadebomi2011@gmail.com,Foluso,Adebomi
dotuntodun123@gmail.com,dotun,todun
ashiwajuyewande@gmail.com,Yewande,Ashiwaju
oyinkansolamarvellous@gmail.com,Oyinkansola,Veema
obedaniel888@gmail.com,Daniel,Obe
akegorruthsuccess@gmail.com,Nero,Akegor
shalomshoyemi@gmail.com,Shalom,Shoyemi
yusuffolatunji65@gmail.com,Yusuff,Olatunji
odusinamariam@gmail.com,Odusina,Towobola
farrexezra@gmail.com,Jiji,Nullify
danielelemide20@gmail.com,Daniel,Elemide
tmetu650@gmail.com,Peter,Damian
nathanieleniola16@gmail.com,Nathaniel,Adeshola
dotzcila884@gmail.com,Dotun,Ogunsanwo
johnsonorire98@gmail.com,Johnson,Orire
alaselaibrahim10@gmail.com,Aliu,Ibrahim
seunojo97@yahoo.com,Oluwaseun,Ojo
davis.caretta@gmail.com,Caretta,Davis
adenijideborah255@gmail.com,Deborah,Adeniji
bhadboyy08@gmail.com,Atobatele,Bright
makindeoluwapelumi158@gmail.com,Oluwapelumi,Makinde
majekodunmiolaolu4@gmail.com,Olaoluwa,Majekodunmi
victor667abass@gmail.com,Victor,Abass
jiofreed2099@gmail.com,Michael,Alade
abrahamlawal01@gmail.com,Abraham,Lawal
elegantd6@gmail.com,Christiana,Samuel
freemanwasiu@gmail.com,Freeman,Ogundeyi
victoriafagbemi5@gmail.com,Victoria,Fagbemi
belloruqayyah35@gmail.com,Ruqayyah,Bello
preciousowojori@yahoo.com,Precious,Owojori
adeyanjumoji26@gmail.com,Adeyanju,moji
olaitanoluwasola0@gmail.com,Olaitan,Seun
opeyemiadeniji2002@gmail.com,Opeyemi,Adeniji
dhamieojay59@gmail.com,Dhamie,Ojay
madamebossette@gmail.com,Atim,Bassey
owolabitito@gmail.com,Tioluwanimi,Owolabi
oyesolap4@gmail.com,Praise,Oyesola
vicajibade76@gmail.com,Victor,Ajibade
samueloluwapelumi2001@gmail.com,Joshua,Samuel
dadaesther280@gmail.com,Esther,Dada
samitama6@gmail.com,Samuel,Itama
almightyemmanuel28@gmail.com,Emmanuel,Ayodele
taoade123@gmail.com,oladigbolu,taofeek
vidmarkconsulting@gmail.com,Samuel,Okedara
ravhinosarz23@gmail.com,Emmanuel,Odianose
umehjsh@gmail.com,Ifebunandu Joshua,Umeh
okoyentaeva@gmail.com,Evaristus,Okoyenta
drbrucechristopher@outlook.com,Bruce,Christopher
byambinibernard@gmail.com,Bernard,Bernard
dareonaopemipo@gmail.com,Onaopemipo,Dare
reginaldabiepepple@gmail.com,Reginald,Pepple
ayobola550@gmail.com,Mohammed,Oladiran
iamtolulope16@gmail.com,Stephen,Tolulope
onyinye.chiatula@gmail.com,Onyinye,Chiatula
abdullahimogaji26@gmail.com,Mogaji,Bolaji Abdullah
ayobola560@gmail.com,Mohammed,Oladiran
ottotuneintelligence@gmail.com,Iyiolapo,Odeneye
doctor.anonymous002@gmail.com,Emmmanuel,Ayoola
nioye2000@gmail.com,Inioluwa,Oyegbola
abefavour428@gmail.com,Favour,Abe
holayiwola543@stu.ui.edu.ng,Oluwayemisi,Olayiwola
ayoolaobembe@gmail.com,Obembe,Olakunle
ezedigwegodfrey@gmail.com,Sonso,Ezedigwe
thelagosajebo@gmail.com,Inioluwa,Oyegbola
ogunjuay@gmail.com,Hezekiah,Ogunjuyigbe